source,signal,link,published
Reddit (RSS),Are mobile voice networks down in Pilimatalawa Peradeniya Kandy areas??,https://www.reddit.com/r/srilanka/comments/1p8ovgy/are_mobile_voice_networks_down_in_pilimatalawa/,2025-11-28T07:30:55+00:00
Reddit (RSS),The Value of Declaring a State of Emergency due to the Current Situation.,https://www.reddit.com/r/srilanka/comments/1p8oncc/the_value_of_declaring_a_state_of_emergency_due/,2025-11-28T07:16:37+00:00
Reddit (RSS),Data Science or AI? I’m stuck choosing a specialization,https://www.reddit.com/r/srilanka/comments/1p8on5y/data_science_or_ai_im_stuck_choosing_a/,2025-11-28T07:16:19+00:00
Reddit (RSS),Indian here..Why many srilankans hate India this much?,https://www.reddit.com/r/srilanka/comments/1p8obvy/indian_herewhy_many_srilankans_hate_india_this/,2025-11-28T06:57:38+00:00
Reddit (RSS),Anyone know where u can get a Harp and Harp lessons?,https://www.reddit.com/r/srilanka/comments/1p8obrl/anyone_know_where_u_can_get_a_harp_and_harp/,2025-11-28T06:57:27+00:00
Reddit (RSS),"Postpone your trip for a few days if you can. If you need help as a tourist, call 1912",https://www.reddit.com/r/srilanka/comments/1p8o45w/postpone_your_trip_for_a_few_days_if_you_can_if/,2025-11-28T06:44:31+00:00
Reddit (RSS),Opinion about IIT computer science bsc,https://www.reddit.com/r/srilanka/comments/1p8ny6u/opinion_about_iit_computer_science_bsc/,2025-11-28T06:34:16+00:00
Reddit (RSS),Have Clean Bandit tickets for tonight — DM,https://www.reddit.com/r/srilanka/comments/1p8nj3v/have_clean_bandit_tickets_for_tonight_dm/,2025-11-28T06:09:47+00:00
Reddit (RSS),"Google flood warning was right, just a few days off",https://www.reddit.com/r/srilanka/comments/1p8ngii/google_flood_warning_was_right_just_a_few_days_off/,2025-11-28T06:05:35+00:00
Reddit (RSS),Is Colombo chilaw road safe to travel,https://www.reddit.com/r/srilanka/comments/1p8nbui/is_colombo_chilaw_road_safe_to_travel/,2025-11-28T05:58:28+00:00
Reddit (RSS),Travelling to Sri Lanka from India,https://www.reddit.com/r/srilanka/comments/1p8n36n/travelling_to_sri_lanka_from_india/,2025-11-28T05:44:15+00:00
Reddit (RSS),What is the condition in Nuwara Eliya/Welimada areas?,https://www.reddit.com/r/srilanka/comments/1p8n2sb/what_is_the_condition_in_nuwara_eliyawelimada/,2025-11-28T05:43:36+00:00
Reddit (RSS),Affordable Pyjamas & Nightwear in Sri Lanka: Where to Shop,https://www.reddit.com/r/srilanka/comments/1p8mzwp/affordable_pyjamas_nightwear_in_sri_lanka_where/,2025-11-28T05:38:54+00:00
Reddit (RSS),Send money to canada from Lanka?,https://www.reddit.com/r/srilanka/comments/1p8mzoe/send_money_to_canada_from_lanka/,2025-11-28T05:38:31+00:00
Reddit (RSS),Help! Trip planned from 29th nov till 4th Dec,https://www.reddit.com/r/srilanka/comments/1p8mxt2/help_trip_planned_from_29th_nov_till_4th_dec/,2025-11-28T05:35:43+00:00
Reddit (RSS),"First time in Sri Lanka 7 day itinerary help needed (Colombo, Kandy, Ella,Beaches?)",https://www.reddit.com/r/srilanka/comments/1p8ms48/first_time_in_sri_lanka_7_day_itinerary_help/,2025-11-28T05:26:30+00:00
Reddit (RSS),Kandy Today! (Peradeniya Road),https://www.reddit.com/r/srilanka/comments/1p8mrnq/kandy_today_peradeniya_road/,2025-11-28T05:25:50+00:00
Reddit (RSS),Bought Clean Bandit tickets 2 months ago and now we are regretting it,https://www.reddit.com/r/srilanka/comments/1p8mr80/bought_clean_bandit_tickets_2_months_ago_and_now/,2025-11-28T05:25:09+00:00
Reddit (RSS),GIT Examination Name issue,https://www.reddit.com/r/srilanka/comments/1p8mqx7/git_examination_name_issue/,2025-11-28T05:24:42+00:00
Reddit (RSS),"Guitar lessons near Borella, Rajagiriya",https://www.reddit.com/r/srilanka/comments/1p8mg7j/guitar_lessons_near_borella_rajagiriya/,2025-11-28T05:08:08+00:00
Reddit (RSS),Travelling from Ella to Kandy on Monday?,https://www.reddit.com/r/srilanka/comments/1p8m7hr/travelling_from_ella_to_kandy_on_monday/,2025-11-28T04:55:18+00:00
Reddit (RSS),"We don’t have enough rescue helicopters. We have people ready to help, but not enough equipment to rescue everyone. Should the government call for international assistance?",https://www.reddit.com/r/srilanka/comments/1p8ltpe/we_dont_have_enough_rescue_helicopters_we_have/,2025-11-28T04:33:40+00:00
Reddit (RSS),Dialog internet is down..,https://www.reddit.com/r/srilanka/comments/1p8lqq6/dialog_internet_is_down/,2025-11-28T04:29:15+00:00
Reddit (RSS),Kandy colombo road safety,https://www.reddit.com/r/srilanka/comments/1p8lfga/kandy_colombo_road_safety/,2025-11-28T04:12:01+00:00
Reddit (RSS),Any update on Udadumbara side,https://www.reddit.com/r/srilanka/comments/1p8l714/any_update_on_udadumbara_side/,2025-11-28T03:59:29+00:00
